final_equity,max_drawdown_usd,equity_csv,run_log
29383.24,898.25,backtests/equity_90d_20260225_185412.csv,
29313.48,898.25,backtests/equity_90d_20260226_030801.csv,
29272.15,909.86,backtests/equity_90d_20260222_130902.csv,
28822.73,989.16,backtests/equity_90d_20260225_180524.csv,
28754.89,939.49,backtests/equity_90d_20260223_043522.csv,
28754.89,939.49,backtests/equity_90d_20260223_043551.csv,
28748.05,980.63,backtests/equity_90d_20260226_023902.csv,
28746.95,1274.88,backtests/equity_90d_20260225_030552.csv,
28733.47,996.01,backtests/equity_90d_20260225_194046.csv,
28574.35,1252.46,backtests/equity_90d_20260225_042822.csv,
28381.53,968.39,backtests/equity_90d_20260221_050219.csv,
28052.39,985.20,backtests/equity_90d_20260220_115200.csv,
28005.57,980.76,backtests/equity_90d_20260220_122809.csv,
27971.26,991.01,backtests/equity_90d_20260220_030628.csv,
27952.73,988.90,backtests/equity_90d_20260220_112940.csv,
27783.04,992.21,backtests/equity_90d_20260219_154445.csv,
27637.20,978.38,backtests/equity_90d_20260219_183845.csv,
27423.45,983.53,backtests/equity_90d_20260219_132925.csv,
27295.98,970.42,backtests/equity_90d_20260219_122250.csv,
27232.06,1008.16,backtests/equity_90d_20260222_161853.csv,
27232.06,1008.16,backtests/equity_90d_20260222_162033.csv,
27018.17,937.71,backtests/equity_90d_20260219_120521.csv,
26831.83,1101.34,backtests/equity_90d_20260219_162025.csv,
26444.28,1198.43,backtests/equity_90d_20260219_141935.csv,
26285.82,1129.43,backtests/equity_90d_20260220_221758.csv,
23996.92,1063.18,backtests/equity_90d_20260219_112503.csv,
23579.95,898.25,backtests/equity_90d_20260222_054716.csv,
23560.97,898.25,backtests/equity_90d_20260222_060345.csv,
23081.77,899.96,backtests/equity_90d_20260219_110007.csv,
23024.99,898.25,backtests/equity_90d_20260222_110803.csv,
23024.99,898.25,backtests/equity_90d_20260222_110810.csv,
23024.99,898.25,backtests/equity_90d_20260222_110826.csv,
23024.99,898.25,backtests/equity_90d_20260222_112950.csv,
23013.62,898.25,backtests/equity_90d_20260222_102720.csv,
22887.16,898.25,backtests/equity_90d_20260222_120616.csv,
22855.72,898.25,backtests/equity_90d_20260222_120626.csv,
22553.86,898.25,backtests/equity_90d_20260223_035932.csv,
22543.92,898.25,backtests/equity_90d_20260223_101747.csv,
22505.94,898.25,backtests/equity_90d_20260223_120902.csv,
22501.01,898.25,backtests/equity_90d_20260227_020051.csv,
22471.71,898.25,backtests/equity_90d_20260223_090732.csv,
22470.96,898.25,backtests/equity_90d_20260223_090757.csv,
22463.92,1153.47,backtests/equity_90d_20260219_090325.csv,
22444.13,898.25,backtests/equity_90d_20260223_092855.csv,
22425.55,898.25,backtests/equity_90d_20260223_094814.csv,
22417.32,898.25,backtests/equity_90d_20260227_022624.csv,
22413.20,898.25,backtests/equity_90d_20260223_103714.csv,
22410.41,898.25,backtests/equity_90d_20260227_015548.csv,
22388.02,898.25,backtests/equity_90d_20260223_035346.csv,
22377.67,898.25,backtests/equity_90d_20260223_114745.csv,
22373.37,898.25,backtests/equity_90d_20260223_121230.csv,
22373.37,898.25,backtests/equity_90d_20260223_121247.csv,
22301.44,908.54,backtests/equity_90d_20260218_182450.csv,
22254.20,950.43,backtests/equity_90d_20260219_074651.csv,
22210.46,898.25,backtests/equity_90d_20260226_015222.csv,
22200.54,898.25,backtests/equity_90d_20260226_014933.csv,
22157.34,926.15,backtests/equity_90d_20260219_041356.csv,
22135.20,898.25,backtests/equity_90d_20260225_074334.csv,
22125.24,898.25,backtests/equity_90d_20260225_074352.csv,
22122.97,898.25,backtests/equity_90d_20260223_171646.csv,
22122.97,898.25,backtests/equity_90d_20260223_174128.csv,
22119.99,898.25,backtests/equity_90d_20260223_200411.csv,
22118.67,898.25,backtests/equity_90d_20260225_091714.csv,
22118.67,898.25,backtests/equity_90d_20260225_091722.csv,
22105.69,898.25,backtests/equity_90d_20260223_162538.csv,
22105.69,898.25,backtests/equity_90d_20260223_163607.csv,
22034.64,1473.38,backtests/equity_90d_20260225_031357.csv,
22009.39,898.25,backtests/equity_90d_20260225_015038.csv,
21940.41,1460.97,backtests/equity_90d_20260225_053317.csv,
21908.77,898.25,backtests/equity_90d_20260224_185136.csv,
21867.94,898.25,backtests/equity_90d_20260224_022637.csv,
21867.94,898.25,backtests/equity_90d_20260224_023103.csv,
21821.93,1234.17,backtests/equity_90d_20260222_092152.csv,
21797.07,898.25,backtests/equity_90d_20260224_020303.csv,
21767.36,898.25,backtests/equity_90d_20260224_180704.csv,
21720.60,898.25,backtests/equity_90d_20260224_182508.csv,
21715.38,898.25,backtests/equity_90d_20260226_014638.csv,
21202.21,1060.08,backtests/equity_90d_20260219_095147.csv,
21144.96,904.35,backtests/equity_90d_20260219_050148.csv,
20702.85,898.25,backtests/equity_90d_20260225_160513.csv,
20585.02,1287.79,backtests/equity_90d_20260223_202651.csv,
20573.40,1287.79,backtests/equity_90d_20260224_005942.csv,
20570.14,1287.79,backtests/equity_90d_20260224_024149.csv,
20485.39,1286.26,backtests/equity_90d_20260218_190159.csv,
20403.15,1287.79,backtests/equity_90d_20260224_183023.csv,
20219.03,980.13,backtests/equity_90d_20260218_173434.csv,
19734.73,1022.51,backtests/equity_90d_20260222_073437.csv,
19391.92,898.25,backtests/equity_90d_20260227_022919.csv,
19220.72,898.25,backtests/equity_90d_20260223_181125.csv,
19128.47,1481.12,backtests/equity_90d_20260223_194348.csv,
18814.50,898.25,backtests/equity_90d_20260225_093033.csv,
18814.50,898.25,backtests/equity_90d_20260225_093040.csv,
18577.98,1256.75,backtests/equity_90d_20260222_060909.csv,
18511.30,890.22,backtests/equity_90d_20260218_195634.csv,
18229.21,878.89,backtests/equity_90d_20260219_061913.csv,
17809.55,844.25,backtests/equity_90d_20260218_170218.csv,
16713.95,1390.82,backtests/equity_90d_20260227_020507.csv,
15632.58,1435.62,backtests/equity_90d_20260223_191054.csv,
15301.37,659.30,backtests/equity_90d_20260224_174041.csv,
15110.64,814.53,backtests/equity_90d_20260218_163716.csv,
14535.90,1865.89,backtests/equity_90d_20260222_135525.csv,
13997.26,732.32,backtests/equity_90d_20260218_155830.csv,
12692.95,666.08,backtests/equity_90d_20260218_152545.csv,
12502.52,992.50,backtests/equity_90d_20260227_015811.csv,
12294.94,1014.68,backtests/equity_90d_20260217_123537.csv,
12165.50,1025.61,backtests/equity_90d_20260217_102751.csv,
12019.55,935.21,backtests/equity_90d_20260227_051210.csv,
11990.36,933.38,backtests/equity_90d_20260227_020559.csv,
11975.06,932.55,backtests/equity_90d_20260227_021053.csv,
11919.65,928.74,backtests/equity_90d_20260227_033653.csv,
11892.00,936.92,backtests/equity_90d_20260227_072035.csv,
11661.11,579.54,backtests/equity_90d_20260218_150513.csv,
11456.02,909.48,backtests/equity_90d_20260228_005747.csv,
11309.12,907.06,backtests/equity_90d_20260228_014401.csv,
10841.86,873.89,backtests/equity_90d_20260226_190347.csv,
10531.84,535.19,backtests/equity_90d_20260218_123359.csv,
10298.18,554.59,backtests/equity_90d_20260218_135545.csv,
9932.09,489.33,backtests/equity_90d_20260218_142408.csv,
9614.24,1968.66,backtests/equity_90d_20260225_205718.csv,
9581.79,1965.77,backtests/equity_90d_20260226_041524.csv,
9568.53,570.76,backtests/equity_90d_20260221_234743.csv,
9552.28,570.08,backtests/equity_90d_20260221_170054.csv,
9536.55,1965.47,backtests/equity_90d_20260226_021233.csv,
9535.14,678.28,backtests/equity_90d_20260228_010107.csv,
9475.63,1684.25,backtests/equity_90d_20260226_013656.csv,
9475.36,675.13,backtests/equity_90d_20260228_014659.csv,
9473.46,470.54,backtests/equity_90d_20260218_120522.csv,
9464.12,571.90,backtests/equity_90d_20260222_102302.csv,
9236.67,535.20,backtests/equity_90d_20260227_024840.csv,
9236.67,535.20,backtests/equity_90d_20260227_024928.csv,
9236.67,535.20,backtests/equity_90d_20260227_025015.csv,
9236.67,535.20,backtests/equity_90d_20260227_025103.csv,
9229.59,1704.05,backtests/equity_90d_20260226_054133.csv,
9210.79,576.22,backtests/equity_90d_20260224_180521.csv,
9210.66,569.71,backtests/equity_90d_20260223_113205.csv,
9168.04,567.07,backtests/equity_90d_20260223_113951.csv,
9153.52,975.18,backtests/equity_90d_20260227_020752.csv,
9130.26,576.22,backtests/equity_90d_20260224_180318.csv,
9127.65,565.51,backtests/equity_90d_20260223_111249.csv,
8916.81,577.70,backtests/equity_90d_20260220_024515.csv,
8873.44,801.46,backtests/equity_90d_20260227_012118.csv,
8873.44,801.46,backtests/equity_90d_20260227_012228.csv,
8736.41,1145.68,backtests/equity_90d_20260227_012636.csv,
8679.23,1138.18,backtests/equity_90d_20260227_012745.csv,
8523.06,408.47,backtests/equity_90d_20260218_102918.csv,
8388.75,582.07,backtests/equity_90d_20260218_091641.csv,
8157.99,997.85,backtests/equity_90d_20260227_012401.csv,
8157.99,997.85,backtests/equity_90d_20260227_012508.csv,
8042.32,993.60,backtests/equity_90d_20260227_072710.csv,
7960.29,972.46,backtests/equity_90d_20260227_034155.csv,
7930.60,972.16,backtests/equity_90d_20260227_052913.csv,
7913.14,761.20,backtests/equity_90d_20260223_192101.csv,
7876.59,548.09,backtests/equity_90d_20260217_133614.csv,
7529.62,436.27,backtests/equity_90d_20260218_084529.csv,
7524.56,570.84,backtests/equity_90d_20260217_153123.csv,
7516.34,436.13,backtests/equity_90d_20260218_035647.csv,
7487.96,434.67,backtests/equity_90d_20260217_164558.csv,
7340.37,456.73,backtests/equity_90d_20260217_160943.csv,
6947.45,1127.36,backtests/equity_90d_20260217_100046.csv,
6757.03,1114.26,backtests/equity_90d_20260217_110648.csv,
6719.43,709.04,backtests/equity_90d_20260224_184046.csv,
6532.33,874.40,backtests/equity_90d_20260224_025908.csv,
6493.90,872.51,backtests/equity_90d_20260224_031611.csv,
6469.01,868.72,backtests/equity_90d_20260223_203759.csv,
6379.42,150.99,backtests/equity_90d_20260217_045621.csv,
6375.13,150.89,backtests/equity_90d_20260217_051836.csv,
6307.65,501.88,backtests/equity_90d_20260227_164605.csv,
6261.79,503.33,backtests/equity_90d_20260227_145644.csv,
6261.79,503.33,backtests/equity_90d_20260227_145858.csv,
6261.79,503.33,backtests/equity_90d_20260227_150103.csv,
6248.14,502.23,backtests/equity_90d_20260227_145134.csv,
6244.60,501.95,backtests/equity_90d_20260227_143457.csv,
6244.60,501.95,backtests/equity_90d_20260227_143640.csv,
6238.66,926.05,backtests/equity_90d_20260223_104821.csv,
6229.55,562.29,backtests/equity_90d_20260218_055551.csv,
6223.69,500.27,backtests/equity_90d_20260227_160225.csv,
6205.44,502.07,backtests/equity_90d_20260227_160421.csv,
6165.84,923.16,backtests/equity_90d_20260223_095944.csv,
6165.00,553.68,backtests/equity_90d_20260218_053454.csv,
6159.79,875.43,backtests/equity_90d_20260224_011515.csv,
6139.09,918.13,backtests/equity_90d_20260223_083823.csv,
6137.50,918.91,backtests/equity_90d_20260223_091755.csv,
6129.85,933.68,backtests/equity_90d_20260222_121859.csv,
6001.74,744.38,backtests/equity_90d_20260218_042844.csv,
5939.71,808.06,backtests/equity_90d_20260223_195451.csv,
5887.52,921.37,backtests/equity_90d_20260226_034815.csv,
5865.52,922.00,backtests/equity_90d_20260226_095111.csv,
5768.29,147.90,backtests/equity_90d_20260217_055559.csv,
5751.28,147.09,backtests/equity_90d_20260217_090006.csv,
5725.52,755.48,backtests/equity_90d_20260225_080211.csv,
5724.37,774.50,backtests/equity_90d_20260225_085022.csv,
5720.62,930.60,backtests/equity_90d_20260222_121852.csv,
5685.03,776.57,backtests/equity_90d_20260225_080354.csv,
5664.90,927.58,backtests/equity_90d_20260223_115846.csv,
5658.30,926.49,backtests/equity_90d_20260223_122316.csv,
5658.30,926.49,backtests/equity_90d_20260223_122329.csv,
5643.64,939.57,backtests/equity_90d_20260223_190034.csv,
5639.25,929.22,backtests/equity_90d_20260223_165937.csv,
5637.39,925.51,backtests/equity_90d_20260223_102839.csv,
5636.38,923.52,backtests/equity_90d_20260223_175620.csv,
5629.96,927.94,backtests/equity_90d_20260222_114145.csv,
5623.67,70.77,backtests/equity_90d_20260217_145558.csv,
5623.36,921.39,backtests/equity_90d_20260223_173123.csv,
5615.40,921.07,backtests/equity_90d_20260223_041909.csv,
5603.94,923.65,backtests/equity_90d_20260222_111900.csv,
5602.11,917.29,backtests/equity_90d_20260223_122000.csv,
5601.75,923.37,backtests/equity_90d_20260224_021400.csv,
5601.51,773.59,backtests/equity_90d_20260224_181816.csv,
5600.82,927.39,backtests/equity_90d_20260223_201553.csv,
5600.35,773.59,backtests/equity_90d_20260224_183602.csv,
5598.23,922.46,backtests/equity_90d_20260223_170613.csv,
5596.18,913.94,backtests/equity_90d_20260225_115935.csv,
5596.18,913.94,backtests/equity_90d_20260225_115941.csv,
5584.59,920.91,backtests/equity_90d_20260223_094004.csv,
5573.93,918.13,backtests/equity_90d_20260223_083810.csv,
5572.49,918.91,backtests/equity_90d_20260223_091813.csv,
5570.90,1192.69,backtests/equity_90d_20260225_045640.csv,
5562.25,924.14,backtests/equity_90d_20260224_031610.csv,
5559.39,581.66,backtests/equity_90d_20260218_050645.csv,
5557.20,69.81,backtests/equity_90d_20260217_150150.csv,
5557.15,773.59,backtests/equity_90d_20260224_191156.csv,
5499.23,1177.27,backtests/equity_90d_20260225_032724.csv,
5492.56,718.12,backtests/equity_90d_20260224_174706.csv,
5333.63,741.41,backtests/equity_90d_20260225_020214.csv,
5306.47,938.08,backtests/equity_90d_20260223_190012.csv,
5247.57,975.72,backtests/equity_90d_20260218_012604.csv,
5233.69,586.25,backtests/equity_90d_20260227_040204.csv,
5230.47,790.12,backtests/equity_90d_20260225_070721.csv,
5227.04,970.29,backtests/equity_90d_20260218_030546.csv,
5202.04,1309.96,backtests/equity_90d_20260222_041053.csv,
5199.72,1309.37,backtests/equity_90d_20260222_053654.csv,
5140.97,25.62,backtests/equity_90d_20260215_060622.csv,
5131.84,775.48,backtests/equity_90d_20260225_034355.csv,
5130.78,293.48,backtests/equity_90d_20260227_020016.csv,
5129.29,25.56,backtests/equity_90d_20260215_060326.csv,
5123.26,52.96,backtests/equity_90d_20260216_160825.csv,
5123.26,52.96,backtests/equity_90d_20260216_161024.csv,
5123.26,52.96,backtests/equity_90d_20260216_161030.csv,
5123.14,1302.81,backtests/equity_90d_20260220_050102.csv,
5114.54,1300.63,backtests/equity_90d_20260221_063617.csv,
5114.53,1300.62,backtests/equity_90d_20260222_045724.csv,
5112.45,26.63,backtests/equity_90d_20260215_071656.csv,
5112.45,26.63,backtests/equity_90d_20260215_071702.csv,
5110.31,1299.55,backtests/equity_90d_20260220_132344.csv,
5108.97,35.63,backtests/equity_90d_20260215_074331.csv,
5106.11,25.48,backtests/equity_90d_20260215_074359.csv,
5106.11,25.48,backtests/equity_90d_20260215_074621.csv,
5106.05,25.70,backtests/equity_90d_20260215_082633.csv,
5106.05,25.70,backtests/equity_90d_20260215_082639.csv,
5106.05,25.70,backtests/equity_90d_20260215_082920.csv,
5106.05,25.70,backtests/equity_90d_20260215_082926.csv,
5106.05,25.70,backtests/equity_90d_20260215_082933.csv,
5106.05,25.70,backtests/equity_90d_20260215_082939.csv,
5105.21,1298.25,backtests/equity_90d_20260221_181016.csv,
5104.72,56.68,backtests/equity_90d_20260216_160817.csv,
5104.51,25.48,backtests/equity_90d_20260215_074107.csv,
5102.98,52.75,backtests/equity_90d_20260216_155418.csv,
5102.98,52.75,backtests/equity_90d_20260216_160233.csv,
5102.32,54.14,backtests/equity_90d_20260216_123615.csv,
5102.32,54.14,backtests/equity_90d_20260216_123736.csv,
5101.94,54.15,backtests/equity_90d_20260216_123216.csv,
5101.66,54.15,backtests/equity_90d_20260216_123333.csv,
5100.71,1297.11,backtests/equity_90d_20260221_105614.csv,
5099.48,52.72,backtests/equity_90d_20260216_155625.csv,
5099.26,44.96,backtests/equity_90d_20260215_104239.csv,
5099.26,44.96,backtests/equity_90d_20260215_104256.csv,
5096.72,53.93,backtests/equity_90d_20260216_162254.csv,
5095.44,53.94,backtests/equity_90d_20260216_161241.csv,
5094.31,44.91,backtests/equity_90d_20260215_110235.csv,
5093.06,54.13,backtests/equity_90d_20260216_121833.csv,
5092.82,44.91,backtests/equity_90d_20260215_110412.csv,
5092.24,44.91,backtests/equity_90d_20260215_105504.csv,
5092.24,44.91,backtests/equity_90d_20260215_105701.csv,
5089.59,53.94,backtests/equity_90d_20260216_140829.csv,
5089.23,36.40,backtests/equity_90d_20260215_073134.csv,
5089.10,44.91,backtests/equity_90d_20260215_111454.csv,
5088.56,30.84,backtests/equity_90d_20260215_082305.csv,
5088.46,53.94,backtests/equity_90d_20260216_141503.csv,
5088.26,44.88,backtests/equity_90d_20260215_102730.csv,
5088.12,44.91,backtests/equity_90d_20260215_110723.csv,
5087.83,966.71,backtests/equity_90d_20260218_015850.csv,
5085.58,52.96,backtests/equity_90d_20260216_155426.csv,
5085.22,38.73,backtests/equity_90d_20260215_073656.csv,
5085.22,38.73,backtests/equity_90d_20260215_073702.csv,
5085.22,38.73,backtests/equity_90d_20260215_073707.csv,
5082.79,69.66,backtests/equity_90d_20260216_072959.csv,
5081.38,54.08,backtests/equity_90d_20260216_072933.csv,
5076.67,1290.99,backtests/equity_90d_20260219_200028.csv,
5076.44,54.00,backtests/equity_90d_20260216_114754.csv,
5074.04,54.00,backtests/equity_90d_20260216_114512.csv,
5073.96,33.67,backtests/equity_90d_20260215_060615.csv,
5070.52,23.27,backtests/equity_90d_20260215_060309.csv,
5070.52,23.27,backtests/equity_90d_20260215_060610.csv,
5069.79,61.51,backtests/equity_90d_20260216_073032.csv,
5068.52,35.00,backtests/equity_90d_20260216_160224.csv,
5066.49,35.76,backtests/equity_90d_20260216_164849.csv,
5063.68,1287.69,backtests/equity_90d_20260222_175106.csv,
5063.68,1287.69,backtests/equity_90d_20260222_175235.csv,
5063.32,69.66,backtests/equity_90d_20260216_072204.csv,
5061.70,54.73,backtests/equity_90d_20260216_160834.csv,
5059.19,23.22,backtests/equity_90d_20260215_055627.csv,
5059.19,23.22,backtests/equity_90d_20260215_055834.csv,
5059.06,23.22,backtests/equity_90d_20260215_073623.csv,
5058.37,69.50,backtests/equity_90d_20260216_122109.csv,
5056.93,50.03,backtests/equity_90d_20260216_072947.csv,
5056.33,100.08,backtests/equity_90d_20260216_073007.csv,
5053.25,23.22,backtests/equity_90d_20260215_051315.csv,
5052.75,1003.74,backtests/equity_90d_20260227_022916.csv,
5052.66,61.51,backtests/equity_90d_20260216_122130.csv,
5051.69,23.22,backtests/equity_90d_20260215_073146.csv,
5047.69,54.35,backtests/equity_90d_20260216_072940.csv,
5047.24,69.30,backtests/equity_90d_20260216_114540.csv,
5045.37,35.81,backtests/equity_90d_20260215_060353.csv,
5043.83,61.31,backtests/equity_90d_20260216_114608.csv,
5043.13,676.48,backtests/equity_90d_20260217_181918.csv,
5042.46,99.98,backtests/equity_90d_20260216_114547.csv,
5040.27,37.87,backtests/equity_90d_20260216_164856.csv,
5039.89,100.14,backtests/equity_90d_20260216_072212.csv,
5039.73,49.99,backtests/equity_90d_20260216_072156.csv,
5038.59,36.11,backtests/equity_90d_20260215_104207.csv,
5038.59,36.11,backtests/equity_90d_20260215_104439.csv,
5038.15,49.96,backtests/equity_90d_20260216_114526.csv,
5037.27,49.86,backtests/equity_90d_20260216_072953.csv,
5036.19,55.89,backtests/equity_90d_20260216_141248.csv,
5034.19,17.41,backtests/equity_90d_20260216_160215.csv,
5033.82,113.67,backtests/equity_90d_20260216_180950.csv,
5033.47,56.04,backtests/equity_90d_20260216_114519.csv,
5032.59,49.99,backtests/equity_90d_20260216_032137.csv,
5032.49,40.74,backtests/equity_90d_20260216_182803.csv,
5031.81,54.35,backtests/equity_90d_20260216_072148.csv,
5027.31,49.93,backtests/equity_90d_20260216_050039.csv,
5026.74,35.57,backtests/equity_90d_20260215_073140.csv,
5025.34,49.86,backtests/equity_90d_20260216_114533.csv,
5024.22,49.86,backtests/equity_90d_20260216_072138.csv,
5023.64,43.24,backtests/equity_90d_20260216_182751.csv,
5022.87,40.68,backtests/equity_90d_20260217_004125.csv,
5022.87,40.68,backtests/equity_90d_20260217_004130.csv,
5022.87,40.68,backtests/equity_90d_20260217_004137.csv,
5022.87,40.68,backtests/equity_90d_20260217_004406.csv,
5022.87,40.68,backtests/equity_90d_20260217_004413.csv,
5022.23,68.04,backtests/equity_90d_20260216_180730.csv,
5022.20,43.24,backtests/equity_90d_20260216_182700.csv,
5021.92,49.92,backtests/equity_90d_20260216_025831.csv,
5021.81,40.67,backtests/equity_90d_20260217_003922.csv,
5020.80,90.30,backtests/equity_90d_20260216_073015.csv,
5018.82,43.22,backtests/equity_90d_20260216_175800.csv,
5016.75,45.32,backtests/equity_90d_20260216_180440.csv,
5014.67,64.89,backtests/equity_90d_20260216_164441.csv,
5014.38,89.78,backtests/equity_90d_20260216_141129.csv,
5013.97,34.47,backtests/equity_90d_20260216_165554.csv,
5013.97,43.22,backtests/equity_90d_20260216_165531.csv,
5012.33,1.23,backtests/equity_90d_20260216_141349.csv,
5011.45,46.32,backtests/equity_90d_20260216_175941.csv,
5010.52,43.22,backtests/equity_90d_20260216_164903.csv,
5010.37,728.77,backtests/equity_90d_20260222_062622.csv,
5009.84,43.22,backtests/equity_90d_20260216_164756.csv,
5009.83,34.48,backtests/equity_90d_20260216_165458.csv,
5009.07,39.31,backtests/equity_90d_20260216_175735.csv,
5008.78,34.47,backtests/equity_90d_20260216_175825.csv,
5008.00,971.11,backtests/equity_90d_20260217_184841.csv,
5006.78,43.50,backtests/equity_90d_20260216_175955.csv,
5005.85,774.16,backtests/equity_90d_20260225_161202.csv,
5005.43,39.31,backtests/equity_90d_20260216_165509.csv,
5005.31,40.92,backtests/equity_90d_20260216_165639.csv,
5005.20,34.44,backtests/equity_90d_20260216_175723.csv,
5004.47,46.62,backtests/equity_90d_20260216_175748.csv,
5004.31,46.23,backtests/equity_90d_20260216_175901.csv,
5003.50,45.38,backtests/equity_90d_20260216_180459.csv,
5003.32,70.30,backtests/equity_90d_20260216_050033.csv,
5001.97,46.62,backtests/equity_90d_20260216_165521.csv,
5000.71,977.74,backtests/equity_90d_20260217_174449.csv,
5000.29,43.08,backtests/equity_90d_20260217_043050.csv,
5000.28,50.95,backtests/equity_90d_20260216_165119.csv,
5000.25,46.23,backtests/equity_90d_20260216_165628.csv,
5000.00,0.00,backtests/equity_90d_20260215_071025.csv,
5000.00,0.00,backtests/equity_90d_20260215_071156.csv,
5000.00,0.00,backtests/equity_90d_20260215_071204.csv,
5000.00,0.00,backtests/equity_90d_20260215_071214.csv,
5000.00,0.00,backtests/equity_90d_20260215_071504.csv,
5000.00,0.00,backtests/equity_90d_20260215_071628.csv,
5000.00,0.00,backtests/equity_90d_20260216_135939.csv,
5000.00,0.00,backtests/equity_90d_20260216_140327.csv,
5000.00,0.00,backtests/equity_90d_20260216_140704.csv,
5000.00,0.00,backtests/equity_90d_20260216_154256.csv,
5000.00,0.00,backtests/equity_90d_20260216_182503.csv,
5000.00,0.00,backtests/equity_90d_20260216_182548.csv,
5000.00,0.00,backtests/equity_90d_20260217_003413.csv,
5000.00,0.00,backtests/equity_90d_20260217_003534.csv,
5000.00,0.00,backtests/equity_90d_20260217_003745.csv,
5000.00,0.00,backtests/equity_90d_20260219_141805.csv,
5000.00,0.00,backtests/equity_90d_20260227_055540.csv,
5000.00,0.00,backtests/equity_90d_20260227_073012.csv,
5000.00,0.00,backtests/equity_90d_20260227_075958.csv,
5000.00,0.00,backtests/equity_90d_20260227_083937.csv,
5000.00,0.00,backtests/equity_90d_20260227_091320.csv,
4999.38,40.92,backtests/equity_90d_20260216_175914.csv,
4999.34,89.88,backtests/equity_90d_20260216_114554.csv,
4998.82,49.92,backtests/equity_90d_20260217_024426.csv,
4998.62,102.54,backtests/equity_90d_20260216_073024.csv,
4998.53,43.37,backtests/equity_90d_20260216_165719.csv,
4997.64,87.02,backtests/equity_90d_20260216_165111.csv,
4996.55,45.20,backtests/equity_90d_20260217_003056.csv,
4996.55,45.20,backtests/equity_90d_20260217_003212.csv,
4995.30,46.19,backtests/equity_90d_20260216_165704.csv,
4994.80,36.37,backtests/equity_90d_20260217_035047.csv,
4994.17,36.37,backtests/equity_90d_20260217_034842.csv,
4993.99,46.44,backtests/equity_90d_20260216_175659.csv,
4993.46,46.44,backtests/equity_90d_20260216_165434.csv,
4993.06,225.14,backtests/equity_90d_20260217_004954.csv,
4993.06,225.14,backtests/equity_90d_20260217_005216.csv,
4992.40,43.88,backtests/equity_90d_20260216_165600.csv,
4991.12,1269.24,backtests/equity_90d_20260223_051735.csv,
4991.12,1269.24,backtests/equity_90d_20260223_051804.csv,
4990.77,57.08,backtests/equity_90d_20260216_175849.csv,
4989.63,62.71,backtests/equity_90d_20260216_175929.csv,
4989.07,42.28,backtests/equity_90d_20260216_165504.csv,
4988.20,53.42,backtests/equity_90d_20260216_180001.csv,
4987.66,56.73,backtests/equity_90d_20260216_175806.csv,
4987.58,36.37,backtests/equity_90d_20260217_034941.csv,
4987.23,43.88,backtests/equity_90d_20260216_175831.csv,
4986.24,67.53,backtests/equity_90d_20260216_175812.csv,
4986.06,42.26,backtests/equity_90d_20260216_175730.csv,
4985.97,57.07,backtests/equity_90d_20260216_165617.csv,
4985.23,49.19,backtests/equity_90d_20260216_165421.csv,
4984.85,45.39,backtests/equity_90d_20260216_175633.csv,
4984.84,49.19,backtests/equity_90d_20260216_175647.csv,
4984.61,45.38,backtests/equity_90d_20260216_165407.csv,
4984.44,56.72,backtests/equity_90d_20260216_165537.csv,
4982.41,102.19,backtests/equity_90d_20260216_114601.csv,
4982.17,67.53,backtests/equity_90d_20260216_165542.csv,
4981.50,60.62,backtests/equity_90d_20260216_175837.csv,
4981.01,56.73,backtests/equity_90d_20260216_164910.csv,
4980.60,50.76,backtests/equity_90d_20260216_165645.csv,
4979.86,49.36,backtests/equity_90d_20260216_165315.csv,
4979.82,49.36,backtests/equity_90d_20260216_175543.csv,
4979.35,45.65,backtests/equity_90d_20260216_175529.csv,
4979.02,60.62,backtests/equity_90d_20260216_165605.csv,
4978.75,61.35,backtests/equity_90d_20260216_175948.csv,
4978.71,45.64,backtests/equity_90d_20260216_165258.csv,
4978.59,34.10,backtests/equity_90d_20260217_145242.csv,
4977.72,105.53,backtests/equity_90d_20260216_165103.csv,
4975.44,67.54,backtests/equity_90d_20260216_165447.csv,
4974.71,50.76,backtests/equity_90d_20260216_175920.csv,
4974.00,54.83,backtests/equity_90d_20260216_165730.csv,
4973.60,62.56,backtests/equity_90d_20260216_165650.csv,
4973.22,56.39,backtests/equity_90d_20260216_175742.csv,
4972.69,61.25,backtests/equity_90d_20260216_175907.csv,
4971.82,62.27,backtests/equity_90d_20260216_175755.csv,
4970.94,62.27,backtests/equity_90d_20260216_165526.csv,
4970.85,67.48,backtests/equity_90d_20260216_175712.csv,
4970.81,61.25,backtests/equity_90d_20260216_165634.csv,
4970.73,71.98,backtests/equity_90d_20260216_165354.csv,
4970.73,71.98,backtests/equity_90d_20260216_175621.csv,
4970.39,56.38,backtests/equity_90d_20260216_165515.csv,
4968.57,72.45,backtests/equity_90d_20260216_165341.csv,
4968.57,72.45,backtests/equity_90d_20260216_175609.csv,
4968.03,72.48,backtests/equity_90d_20260216_175556.csv,
4967.30,72.47,backtests/equity_90d_20260216_165330.csv,
4967.22,38.36,backtests/equity_90d_20260217_034506.csv,
4967.22,38.36,backtests/equity_90d_20260217_034733.csv,
4966.97,60.37,backtests/equity_90d_20260216_175705.csv,
4966.44,60.37,backtests/equity_90d_20260216_165440.csv,
4964.61,173.88,backtests/equity_90d_20260221_165512.csv,
4964.16,141.42,backtests/equity_90d_20260216_181204.csv,
4964.04,62.11,backtests/equity_90d_20260216_165712.csv,
4961.65,78.38,backtests/equity_90d_20260216_175819.csv,
4961.40,70.45,backtests/equity_90d_20260216_175855.csv,
4959.35,68.98,backtests/equity_90d_20260216_164917.csv,
4959.19,78.38,backtests/equity_90d_20260216_165548.csv,
4958.69,76.05,backtests/equity_90d_20260216_175936.csv,
4956.69,67.77,backtests/equity_90d_20260216_165427.csv,
4956.30,67.76,backtests/equity_90d_20260216_175653.csv,
4955.63,70.44,backtests/equity_90d_20260216_165622.csv,
4954.73,65.82,backtests/equity_90d_20260216_175640.csv,
4954.71,68.98,backtests/equity_90d_20260216_164605.csv,
4954.49,65.81,backtests/equity_90d_20260216_165415.csv,
4953.29,76.79,backtests/equity_90d_20260216_165452.csv,
4953.11,78.87,backtests/equity_90d_20260216_180201.csv,
4952.94,70.50,backtests/equity_90d_20260216_165323.csv,
4952.90,70.54,backtests/equity_90d_20260216_175549.csv,
4951.77,78.91,backtests/equity_90d_20260216_165400.csv,
4951.77,78.91,backtests/equity_90d_20260216_175628.csv,
4950.85,68.42,backtests/equity_90d_20260216_175536.csv,
4950.42,72.14,backtests/equity_90d_20260216_180353.csv,
4950.30,76.75,backtests/equity_90d_20260216_175718.csv,
4950.22,69.05,backtests/equity_90d_20260216_165309.csv,
4949.04,79.69,backtests/equity_90d_20260216_175843.csv,
4948.16,79.69,backtests/equity_90d_20260216_165611.csv,
4948.04,79.49,backtests/equity_90d_20260216_165348.csv,
4948.04,79.49,backtests/equity_90d_20260216_175615.csv,
4945.93,80.12,backtests/equity_90d_20260216_165657.csv,
4945.92,80.98,backtests/equity_90d_20260216_175603.csv,
4945.19,81.55,backtests/equity_90d_20260216_165336.csv,
4931.47,89.07,backtests/equity_90d_20260216_164922.csv,
4927.03,355.37,backtests/equity_90d_20260227_020255.csv,
4927.03,355.37,backtests/equity_90d_20260227_020455.csv,
4922.47,269.25,backtests/equity_90d_20260225_025012.csv,
4922.47,269.25,backtests/equity_90d_20260225_025139.csv,
4916.02,802.88,backtests/equity_90d_20260221_030226.csv,
4914.95,802.88,backtests/equity_90d_20260221_020159.csv,
4901.81,113.16,backtests/equity_90d_20260216_164928.csv,
4846.83,157.87,backtests/equity_90d_20260216_164934.csv,
4825.12,334.36,backtests/equity_90d_20260217_005005.csv,
4825.12,334.36,backtests/equity_90d_20260217_005227.csv,
4825.12,334.36,backtests/equity_90d_20260217_005447.csv,
4825.12,334.36,backtests/equity_90d_20260217_005621.csv,
4825.12,334.36,backtests/equity_90d_20260217_005958.csv,
4825.12,334.36,backtests/equity_90d_20260217_010224.csv,
4825.12,334.36,backtests/equity_90d_20260217_010454.csv,
4825.12,334.36,backtests/equity_90d_20260217_010904.csv,
4825.12,334.36,backtests/equity_90d_20260217_011235.csv,
4761.28,660.78,backtests/equity_90d_20260227_050019.csv,
4722.78,412.95,backtests/equity_90d_20260223_183544.csv,
4690.03,343.20,backtests/equity_90d_20260217_113613.csv,
4680.15,410.02,backtests/equity_90d_20260222_100031.csv,
4669.93,365.89,backtests/equity_90d_20260221_232553.csv,
4661.25,962.51,backtests/equity_90d_20260223_191551.csv,
4634.17,404.13,backtests/equity_90d_20260228_204323.csv,
4634.17,404.13,backtests/equity_90d_20260228_204948.csv,
4608.80,504.36,backtests/equity_90d_20260223_184402.csv,
4604.53,1015.20,backtests/equity_90d_20260218_004827.csv,
4604.37,402.85,backtests/equity_90d_20260228_171024.csv,
4604.37,402.85,backtests/equity_90d_20260228_171453.csv,
4599.76,400.38,backtests/equity_90d_20260301_020723.csv,
4599.76,400.38,backtests/equity_90d_20260301_022217.csv,
4599.71,400.46,backtests/equity_90d_20260301_021058.csv,
4599.46,401.18,backtests/equity_90d_20260301_020339.csv,
4599.46,401.18,backtests/equity_90d_20260301_021825.csv,
4599.46,400.54,backtests/equity_90d_20260301_021424.csv,
4592.68,627.09,backtests/equity_90d_20260228_122011.csv,
4589.09,993.61,backtests/equity_90d_20260227_021026.csv,
4588.24,1011.44,backtests/equity_90d_20260217_172829.csv,
4581.68,451.58,backtests/equity_90d_20260227_020801.csv,
4579.23,451.86,backtests/equity_90d_20260223_184753.csv,
4572.45,989.35,backtests/equity_90d_20260227_023425.csv,
4570.84,1089.29,backtests/equity_90d_20260227_023931.csv,
4567.20,868.96,backtests/equity_90d_20260223_095358.csv,
4563.21,880.19,backtests/equity_90d_20260224_011006.csv,
4562.86,766.39,backtests/equity_90d_20260227_042747.csv,
4562.22,446.93,backtests/equity_90d_20260217_115051.csv,
4561.75,987.03,backtests/equity_90d_20260227_021317.csv,
4561.69,868.96,backtests/equity_90d_20260223_075447.csv,
4561.69,868.96,backtests/equity_90d_20260223_082609.csv,
4558.90,867.38,backtests/equity_90d_20260223_091250.csv,
4555.12,486.29,backtests/equity_90d_20260227_033903.csv,
4554.97,486.37,backtests/equity_90d_20260227_051428.csv,
4554.97,486.37,backtests/equity_90d_20260227_072329.csv,
4554.06,622.12,backtests/equity_90d_20260228_022332.csv,
4551.75,1148.00,backtests/equity_90d_20260227_013559.csv,
4551.75,1148.00,backtests/equity_90d_20260227_013715.csv,
4546.50,865.02,backtests/equity_90d_20260223_104247.csv,
4540.34,764.58,backtests/equity_90d_20260221_225254.csv,
4536.64,1137.87,backtests/equity_90d_20260227_014023.csv,
4536.64,1137.87,backtests/equity_90d_20260227_014142.csv,
4520.52,1140.12,backtests/equity_90d_20260227_035913.csv,
4519.12,739.51,backtests/equity_90d_20260224_183532.csv,
4514.11,958.92,backtests/equity_90d_20260223_194918.csv,
4511.40,502.01,backtests/equity_90d_20260228_123219.csv,
4506.13,796.45,backtests/equity_90d_20260222_071526.csv,
4501.00,1128.09,backtests/equity_90d_20260227_023345.csv,
4497.56,882.34,backtests/equity_90d_20260224_074919.csv,
4487.48,878.25,backtests/equity_90d_20260223_203222.csv,
4480.52,750.91,backtests/equity_90d_20260226_015952.csv,
4480.52,750.91,backtests/equity_90d_20260226_020520.csv,
4478.94,756.59,backtests/equity_90d_20260226_021043.csv,
4465.51,649.12,backtests/equity_90d_20260227_021338.csv,
4465.51,649.12,backtests/equity_90d_20260227_021648.csv,
4461.44,708.41,backtests/equity_90d_20260220_084139.csv,
4461.44,708.41,backtests/equity_90d_20260221_231519.csv,
4460.92,609.72,backtests/equity_90d_20260228_032459.csv,
4460.26,765.28,backtests/equity_90d_20260224_190134.csv,
4459.32,874.66,backtests/equity_90d_20260224_025015.csv,
4455.42,547.49,backtests/equity_90d_20260227_024731.csv,
4453.31,1029.91,backtests/equity_90d_20260223_182426.csv,
4448.93,609.02,backtests/equity_90d_20260228_011257.csv,
4445.87,611.15,backtests/equity_90d_20260227_020222.csv,
4443.18,870.60,backtests/equity_90d_20260222_102856.csv,
4442.89,835.20,backtests/equity_90d_20260224_181239.csv,
4440.30,611.28,backtests/equity_90d_20260228_021531.csv,
4439.48,966.60,backtests/equity_90d_20260223_041106.csv,
4439.36,759.20,backtests/equity_90d_20260225_075449.csv,
4439.22,607.69,backtests/equity_90d_20260228_015635.csv,
4437.01,880.31,backtests/equity_90d_20260225_120601.csv,
4437.01,880.31,backtests/equity_90d_20260225_120608.csv,
4436.94,911.61,backtests/equity_90d_20260222_080558.csv,
4436.27,610.72,backtests/equity_90d_20260228_013421.csv,
4434.15,713.61,backtests/equity_90d_20260225_015551.csv,
4427.50,606.86,backtests/equity_90d_20260228_012443.csv,
4422.20,964.79,backtests/equity_90d_20260223_102305.csv,
4417.46,961.81,backtests/equity_90d_20260223_035440.csv,
4414.09,744.19,backtests/equity_90d_20260224_171059.csv,
4409.97,829.08,backtests/equity_90d_20260224_183039.csv,
4401.93,659.91,backtests/equity_90d_20260222_095455.csv,
4401.93,659.91,backtests/equity_90d_20260223_184028.csv,
4400.76,602.95,backtests/equity_90d_20260228_110831.csv,
4400.10,1111.82,backtests/equity_90d_20260221_031943.csv,
4399.63,602.27,backtests/equity_90d_20260228_110344.csv,
4399.42,600.73,backtests/equity_90d_20260228_121027.csv,
4398.67,601.33,backtests/equity_90d_20260228_032030.csv,
4398.62,601.78,backtests/equity_90d_20260228_022657.csv,
4398.11,853.89,backtests/equity_90d_20260222_121212.csv,
4397.54,603.19,backtests/equity_90d_20260228_020620.csv,
4397.10,867.66,backtests/equity_90d_20260227_022117.csv,
4395.34,631.72,backtests/equity_90d_20260224_171703.csv,
4394.18,959.84,backtests/equity_90d_20260223_082554.csv,
4391.49,958.09,backtests/equity_90d_20260223_091309.csv,
4381.71,1110.56,backtests/equity_90d_20260222_153403.csv,
4381.23,955.86,backtests/equity_90d_20260223_093424.csv,
4380.38,878.96,backtests/equity_90d_20260217_011358.csv,
4380.38,878.96,backtests/equity_90d_20260217_011759.csv,
4379.75,955.20,backtests/equity_90d_20260223_121740.csv,
4379.75,955.20,backtests/equity_90d_20260223_121754.csv,
4378.11,932.47,backtests/equity_90d_20260223_185514.csv,
4378.07,781.92,backtests/equity_90d_20260223_092306.csv,
4375.69,955.73,backtests/equity_90d_20260224_020831.csv,
4375.36,782.07,backtests/equity_90d_20260223_100525.csv,
4370.59,818.99,backtests/equity_90d_20260225_075437.csv,
4369.40,715.61,backtests/equity_90d_20260217_011515.csv,
4366.72,633.49,backtests/equity_90d_20260227_023309.csv,
4366.60,1101.30,backtests/equity_90d_20260227_075346.csv,
4363.74,781.06,backtests/equity_90d_20260223_085916.csv,
4363.57,954.55,backtests/equity_90d_20260223_185444.csv,
4361.08,641.92,backtests/equity_90d_20260227_045138.csv,
4361.08,641.92,backtests/equity_90d_20260227_090414.csv,
4359.88,951.28,backtests/equity_90d_20260223_115305.csv,
4355.54,779.96,backtests/equity_90d_20260223_105400.csv,
4348.97,953.46,backtests/equity_90d_20260222_064811.csv,
4348.08,803.59,backtests/equity_90d_20260222_122504.csv,
4345.06,946.58,backtests/equity_90d_20260223_174900.csv,
4344.30,946.18,backtests/equity_90d_20260223_201003.csv,
4343.68,947.33,backtests/equity_90d_20260223_121425.csv,
4341.40,1053.45,backtests/equity_90d_20260223_181804.csv,
4340.67,948.37,backtests/equity_90d_20260222_111251.csv,
4340.67,948.37,backtests/equity_90d_20260222_111314.csv,
4339.82,664.66,backtests/equity_90d_20260225_020729.csv,
4338.11,704.74,backtests/equity_90d_20260227_021931.csv,
4337.92,945.64,backtests/equity_90d_20260223_163604.csv,
4337.69,947.90,backtests/equity_90d_20260224_074923.csv,
4337.04,796.19,backtests/equity_90d_20260223_200023.csv,
4334.33,944.54,backtests/equity_90d_20260223_172421.csv,
4332.40,944.12,backtests/equity_90d_20260223_165936.csv,
4327.62,676.96,backtests/equity_90d_20260217_115147.csv,
4318.53,717.80,backtests/equity_90d_20260224_192401.csv,
4315.34,713.84,backtests/equity_90d_20260224_182324.csv,
4314.64,713.72,backtests/equity_90d_20260224_184126.csv,
4310.44,940.98,backtests/equity_90d_20260224_023712.csv,
4310.44,940.98,backtests/equity_90d_20260224_023723.csv,
4305.07,932.97,backtests/equity_90d_20260222_103659.csv,
4301.91,723.89,backtests/equity_90d_20260225_081217.csv,
4301.25,724.56,backtests/equity_90d_20260225_081443.csv,
4291.91,936.91,backtests/equity_90d_20260222_121200.csv,
4289.03,719.22,backtests/equity_90d_20260227_081335.csv,
4288.73,718.05,backtests/equity_90d_20260227_041502.csv,
4286.89,923.99,backtests/equity_90d_20260222_095002.csv,
4283.66,936.04,backtests/equity_90d_20260222_113542.csv,
4278.39,1073.75,backtests/equity_90d_20260227_013125.csv,
4278.39,1073.75,backtests/equity_90d_20260227_013231.csv,
4277.03,882.28,backtests/equity_90d_20260227_035411.csv,
4277.03,882.28,backtests/equity_90d_20260227_074553.csv,
4275.41,796.40,backtests/equity_90d_20260225_122825.csv,
4275.41,796.40,backtests/equity_90d_20260225_122833.csv,
4259.54,1136.64,backtests/equity_90d_20260221_205648.csv,
4259.54,744.71,backtests/equity_90d_20260217_115332.csv,
4259.54,744.71,backtests/equity_90d_20260217_115500.csv,
4255.58,956.30,backtests/equity_90d_20260227_034542.csv,
4243.40,1132.34,backtests/equity_90d_20260223_015730.csv,
4243.40,1132.34,backtests/equity_90d_20260223_015824.csv,
4239.92,1067.91,backtests/equity_90d_20260227_035053.csv,
4234.91,1066.65,backtests/equity_90d_20260227_022440.csv,
4233.83,768.87,backtests/equity_90d_20260224_184559.csv,
4233.28,1066.24,backtests/equity_90d_20260227_074131.csv,
4230.64,1058.41,backtests/equity_90d_20260227_021808.csv,
4227.72,1111.31,backtests/equity_90d_20260223_062715.csv,
4227.72,1111.31,backtests/equity_90d_20260223_062742.csv,
4226.17,1064.45,backtests/equity_90d_20260227_021620.csv,
4223.98,903.52,backtests/equity_90d_20260217_154726.csv,
4203.72,889.31,backtests/equity_90d_20260225_114752.csv,
4203.72,889.31,backtests/equity_90d_20260225_114913.csv,
4201.67,865.75,backtests/equity_90d_20260227_015606.csv,
4199.80,914.50,backtests/equity_90d_20260225_103704.csv,
4199.80,914.50,backtests/equity_90d_20260225_103711.csv,
4197.86,836.29,backtests/equity_90d_20260221_230421.csv,
4196.54,872.52,backtests/equity_90d_20260222_112347.csv,
4196.54,872.52,backtests/equity_90d_20260222_114717.csv,
4192.97,864.32,backtests/equity_90d_20260227_042410.csv,
4185.72,875.93,backtests/equity_90d_20260222_122457.csv,
4180.50,868.34,backtests/equity_90d_20260223_092327.csv,
4179.84,868.50,backtests/equity_90d_20260223_103412.csv,
4179.69,861.80,backtests/equity_90d_20260227_015118.csv,
4178.60,888.83,backtests/equity_90d_20260225_121147.csv,
4178.60,888.83,backtests/equity_90d_20260225_121154.csv,
4178.41,868.50,backtests/equity_90d_20260223_094455.csv,
4175.69,867.38,backtests/equity_90d_20260223_085903.csv,
4167.68,865.46,backtests/equity_90d_20260223_122833.csv,
4167.68,865.46,backtests/equity_90d_20260223_122843.csv,
4167.09,866.77,backtests/equity_90d_20260223_042430.csv,
4163.42,857.41,backtests/equity_90d_20260227_083608.csv,
4163.28,1055.77,backtests/equity_90d_20260222_070131.csv,
4159.46,863.99,backtests/equity_90d_20260223_122542.csv,
4157.78,866.78,backtests/equity_90d_20260224_091253.csv,
4155.21,1048.76,backtests/equity_90d_20260226_191502.csv,
4154.89,864.90,backtests/equity_90d_20260223_202124.csv,
4153.67,864.35,backtests/equity_90d_20260223_170600.csv,
4152.11,873.76,backtests/equity_90d_20260223_171334.csv,
4148.15,864.71,backtests/equity_90d_20260224_021933.csv,
4146.34,862.38,backtests/equity_90d_20260223_173744.csv,
4145.95,859.30,backtests/equity_90d_20260223_190552.csv,
4144.60,1106.36,backtests/equity_90d_20260223_071452.csv,
4144.60,1106.36,backtests/equity_90d_20260223_071519.csv,
4144.03,872.60,backtests/equity_90d_20260223_180417.csv,
4135.38,880.45,backtests/equity_90d_20260224_150308.csv,
4125.92,887.26,backtests/equity_90d_20260223_120432.csv,
4125.77,1034.50,backtests/equity_90d_20260227_022430.csv,
4124.50,878.39,backtests/equity_90d_20260224_030809.csv,
4122.63,1045.52,backtests/equity_90d_20260219_171332.csv,
4121.97,886.88,backtests/equity_90d_20260223_204329.csv,
4120.48,884.73,backtests/equity_90d_20260223_190537.csv,
4112.68,933.08,backtests/equity_90d_20260221_224152.csv,
4111.50,889.07,backtests/equity_90d_20260224_091249.csv,
4108.10,917.35,backtests/equity_90d_20260223_183131.csv,
4106.36,1212.77,backtests/equity_90d_20260219_144313.csv,
4106.27,1191.77,backtests/equity_90d_20260219_130546.csv,
4103.62,1030.07,backtests/equity_90d_20260227_044818.csv,
4095.94,1028.14,backtests/equity_90d_20260227_025305.csv,
4088.15,1029.01,backtests/equity_90d_20260221_041333.csv,
4076.43,923.57,backtests/equity_90d_20260224_012037.csv,
4071.59,1032.99,backtests/equity_90d_20260221_153741.csv,
4067.57,1031.98,backtests/equity_90d_20260221_145026.csv,
4061.12,1019.40,backtests/equity_90d_20260227_085953.csv,
4060.90,1019.34,backtests/equity_90d_20260227_024410.csv,
4059.80,1058.52,backtests/equity_90d_20260221_123111.csv,
4059.50,951.02,backtests/equity_90d_20260223_192607.csv,
4058.48,1058.18,backtests/equity_90d_20260221_085144.csv,
4057.22,967.98,backtests/equity_90d_20260227_014600.csv,
4052.43,1018.73,backtests/equity_90d_20260227_090946.csv,
4052.27,1056.87,backtests/equity_90d_20260220_081835.csv,
4050.02,1064.60,backtests/equity_90d_20260222_233223.csv,
4050.02,1064.60,backtests/equity_90d_20260222_233310.csv,
4045.30,1014.44,backtests/equity_90d_20260220_110331.csv,
4044.24,1067.93,backtests/equity_90d_20260221_095724.csv,
4044.12,1015.59,backtests/equity_90d_20260227_020038.csv,
4043.85,1054.37,backtests/equity_90d_20260221_195444.csv,
4040.11,1017.58,backtests/equity_90d_20260228_010718.csv,
4035.18,1023.76,backtests/equity_90d_20260221_172900.csv,
4033.39,1009.72,backtests/equity_90d_20260218_001707.csv,
4031.75,1012.03,backtests/equity_90d_20260228_012955.csv,
4031.75,1012.03,backtests/equity_90d_20260228_021111.csv,
4031.29,1015.36,backtests/equity_90d_20260228_015206.csv,
4030.68,1011.64,backtests/equity_90d_20260221_115221.csv,
4028.44,1010.21,backtests/equity_90d_20260227_041141.csv,
4025.42,1008.43,backtests/equity_90d_20260228_011909.csv,
4023.40,1020.77,backtests/equity_90d_20260221_135515.csv,
4021.64,1013.29,backtests/equity_90d_20260220_071250.csv,
4020.49,1008.28,backtests/equity_90d_20260219_232916.csv,
4019.94,1008.96,backtests/equity_90d_20260220_163645.csv,
4019.80,1008.05,backtests/equity_90d_20260227_023839.csv,
4019.41,1006.98,backtests/equity_90d_20260226_154914.csv,
4018.39,1047.73,backtests/equity_90d_20260220_145702.csv,
4017.99,1009.14,backtests/equity_90d_20260221_043629.csv,
4016.89,1019.12,backtests/equity_90d_20260222_044243.csv,
4011.28,1004.94,backtests/equity_90d_20260226_193603.csv,
4011.11,1006.72,backtests/equity_90d_20260221_185437.csv,
4011.06,1010.12,backtests/equity_90d_20260222_184657.csv,
4011.06,1010.12,backtests/equity_90d_20260222_184750.csv,
4010.86,1026.36,backtests/equity_90d_20260226_025107.csv,
4010.54,1005.07,backtests/equity_90d_20260226_192653.csv,
4008.04,1008.63,backtests/equity_90d_20260221_101919.csv,
4006.53,1006.35,backtests/equity_90d_20260226_120127.csv,
4005.18,1016.15,backtests/equity_90d_20260222_001815.csv,
4004.35,1006.20,backtests/equity_90d_20260227_045647.csv,
4003.95,1024.59,backtests/equity_90d_20260226_075931.csv,
4003.51,1005.89,backtests/equity_90d_20260226_185340.csv,
4003.33,1004.52,backtests/equity_90d_20260222_142800.csv,
4002.61,1012.52,backtests/equity_90d_20260221_035157.csv,
4002.39,1002.45,backtests/equity_90d_20260220_182921.csv,
4001.76,1024.03,backtests/equity_90d_20260226_052952.csv,
4001.73,1003.18,backtests/equity_90d_20260226_173827.csv,
4001.26,1004.25,backtests/equity_90d_20260221_080757.csv,
4000.92,1035.18,backtests/equity_90d_20260220_022900.csv,
4000.49,1006.09,backtests/equity_90d_20260226_133407.csv,
3999.67,1001.65,backtests/equity_90d_20260227_023008.csv,
3999.03,1039.46,backtests/equity_90d_20260222_150106.csv,
3998.85,1002.22,backtests/equity_90d_20260228_020203.csv,
3998.84,1004.12,backtests/equity_90d_20260226_100458.csv,
3998.67,1008.64,backtests/equity_90d_20260226_165111.csv,
3998.08,1014.35,backtests/equity_90d_20260222_052316.csv,
3997.64,1017.49,backtests/equity_90d_20260221_002838.csv,
3996.34,1003.88,backtests/equity_90d_20260227_080916.csv,
3995.76,1010.14,backtests/equity_90d_20260226_090257.csv,
3995.48,1055.06,backtests/equity_90d_20260221_131313.csv,
3995.46,1004.54,backtests/equity_90d_20260220_091659.csv,
3994.58,1010.93,backtests/equity_90d_20260223_054925.csv,
3994.58,1010.93,backtests/equity_90d_20260223_055001.csv,
3994.10,1012.09,backtests/equity_90d_20260220_193600.csv,
3992.99,1011.11,backtests/equity_90d_20260220_141729.csv,
3991.43,1010.87,backtests/equity_90d_20260220_175753.csv,
3985.04,1021.53,backtests/equity_90d_20260226_071527.csv,
3914.47,1087.12,backtests/equity_90d_20260216_164451.csv,
3914.47,1087.12,backtests/equity_90d_20260216_164518.csv,
3815.00,1395.32,backtests/equity_90d_20260217_130110.csv,
3506.38,1496.75,backtests/equity_90d_20260217_120207.csv,
